﻿<?xml version="1.0" encoding="UTF-8"?>
<students>
	<student>
		<id>1001</id>
		<name>張三</name>
		<class>一班</class>
	</student>
	<student>
		<id>1002</id>
		<name>李四</name>
		<class>二班</class>
	</student>
	<student>
		<id>1003</id>
		<name>王五</name>
		<class>三班</class>
	</student>
	<student>
		<id>1004</id>
		<name>趙六</name>
		<class>四班</class>
	</student>
	<student>
		<id>1005</id>
		<name>陳七</name>
		<class>五班</class>
	</student>
</students>